Gene Symbol,Coordinates,Length,Coverage, Zipper stem strand 1 start, Zipper stem strand 1 end, Zipper stem strand 2 start, Zipper stem strand 2 end, Zipper stem dG (kcal/mol), BP-3'SS stem strand 1 start, BP-3'SS stem strand 1 end, BP-3'SS stem strand 2 start, BP-3'SS stem strand 2 end, BP-3'SS stem dG (kcal/mol), Normalized MLD, Longest stem, 5'SS accessibility, BP accessibility, 3'SS accessibility, DMS-guided Secondary Structure Prediction
SNR17A,chrXV:780120-780277,157,193576.4331,,,,,,,,,,,0.503,19,0.186,0.546,0.804,...............................(((((.((..((..((((((((.(((.((((((.....)))))).))).))))))))..))......)).))))).....................((....))......................
RPL26B,chrVII:555830-556307,477,174070.1258,,,,,,,,,,,0.298,,0.254,0.246,0.47,...(((((((.((((.................................))))..........((...........))..............)))))))..((((.((((((((...)))))).)).))))(((((.(((((...................(((((((((((..((((.........(.......(((((((((.((((.((((((.....))))...(((.((((((((....((((((((((.......)))))......)))))....)))..............(((....))).............................................((.....)).......))))).))).(((.........)))..)).))))))).....)))))).......).........))))..)))).........)))))))..))))).))))).....
RPL28,chrVII:311015-311526,511,35584.93151,311038,311049,311437,311448,-11.1,311493,311498,311505,311510,-4.3,0.311,30,0.478,0.419,0.527,(((((.(.((((....))))...((((((((.(((.......((((((.(((((((((..(((((((......((((...(((..(((((((((((.(((((((((.(((...((((.(((((((........((((((.(((((...((((((...........((.((((......)))).))..((((((((.......))))))))...(........).))))))...))))).))))))))))))).))))..))).))...)))))))......))))))))))).....)))..)))).(.(((((((((((((((((.((((..(((..(((((............))))).)))..)))).))))))..))))))..))))).))))))))..)))))))))))))))....))).))))))))............................................((((((......))))))......).)))))..
RPL7A,chrVII:365526-365985,459,31810.45752,365571,365606,365878,365914,-27.3,,,,,,0.416,31,0.203,0.689,0.814,......((((...............................))))(((...(((((.(((..((((.((((((((((((((......(((((......)))))....((....)).(...(((((.(((((....(((.(((((((....))))))).)))........((((((...(((.....))).((.(((((.((.(((..((((((((((((((((.((((.....(((......(((((.............).))))...)))..)))).)))))))))))..)))))..)))))))))).))......)))))).....)))))..)))))..)........)))))))))))).)).))))..)))..)))))..))).........................................................((((....)))).
SNR17B,chrXVI:281373-281503,130,24783.46154,281401,281420,281429,281449,-15.3,,,,,,0.585,16,0.141,0.348,0.611,((((((........))))))........((((((.((((.((((..((........))..))))..)))).)))))).....................................................
ECM33,chrII:393180-393510,330,18229.54546,393216,393227,393434,393445,-15.4,,,,,,0.424,28,0.302,0.215,0.438,((((................................(.((((((((((...(((((((..(((((((...(((((((..(((((((..........(((((((...(((........)))............(((......)))...............).))))))...........))))))).))))))))))))))...))))))).(((...(((((((......))))))).))).............)))))))))).)........................(......).))))...........................
RPL25,chrXV:80360-80774,414,16379.34783,80382,80390,80690,80698,-12.7,80740,80747,80753,80760,-5.5,0.36,16,0.381,0.215,0.265,......................(((((((((.....(((((((.....(((((((....................................................((......................))...............(..((((..((.......)).))))..).............................(((((((((((((.(((..........))).))).))).))))))).............((......)).((((((...........))))))...)))))))..........))))))).....))))))))).........................................((((((((.....)))))))).(.....).....
RPL32,chrII:45644-45977,333,16165.76577,45680,45699,45887,45901,-18.1,,,,,,0.369,14,0.385,0.405,0.405,..................((((.......))))...(((((....(((((((((.(......................(((....................................)))......................((....))..(.(((........))).)...........(((...............)))........(((......))).....................))))))))))))))).....((.(((......))).))....................................................
RPS13,chrIV:579478-580017,539,15901.39147,,,,,,579975,579985,579991,580001,-6.9,0.282,14,0.516,0.159,0.601,..................(((((((...(((((((.......)))))))....)))))))............................................................((((((..................((((((((.((.........)).)))))))).((((((...))))))....((((....(((((((((((...................((((........)))).(......).....((((....((((((..................)))))))))).....(.((((.((((......)))).)))))...................((....)).(......).........)))))))))))......................)))).))))))...(((((((..((........))..)))))))......................................(((..((((((.....))))))..)))...............
RPL39,chrX:75938-76324,386,15365.28497,75970,75992,76216,76239,-17.4,,,,,,0.337,15,0.232,0.543,0.695,................................(((((...((.((((....((((..................(.....).....(((((((.(.....)................................((......)).((........))............................(((((.......(((((((.((((...................))))................))))))).......))))).....))))))).))))....)))).))....)))))........................................(((((.(((.......))).)))))...................
RPS9B,chrII:604514-604927,413,15342.49395,,,,,,,,,,,0.295,21,0.83,0.384,0.809,..................(((.(.((((((.......)).))))..)))).(((..(((....(((((((((..((((((((((((.(((.((((((.........................................((((....((((.(((..........(((((((.((((.((((((..........)))))))))).))))))).....((((...(((((.(((.....))).))))).)))).........))).))))............))))(.(((......))).)........)))))))))...))))))))))))......)))))))).).((((....))))..((((......)))).............)))..)))...............
RPL17A,chrXI:109577-109883,306,14980.88235,109607,109615,109812,109820,-12.3,,,,,,0.435,9,0.377,0.466,0.628,..............................(((((((((.................(.....).((((((..(((............))).........................................((.....)).............(((....)))......((....)).........................................((....)).))))))..)))))))))..............................................................
RPL18A,chrXV:93843-94290,447,14221.47651,,,,,,,,,,,0.306,30,0.552,0.43,0.516,.....................................................(((((((((......((((((..((((..(((..(((((......)))))...)))..))))...)))))).....((((.(.((((((((((......))))))))))))))).(((((((...((((((.((((((......(((((((((((........)))).)))))))....)))))).)))))).)))))))..................(((((((((.........((((((((...))))))))........)))).))))).....(((......))).)))))))))..........................((((((((....))))))))................................................
RPL30,chrVII:439093-439323,230,14178.26087,439117,439125,439248,439256,-11.2,,,,,,0.517,9,0.577,0.606,0.655,((((........))))........(((((((((........((((((.....(((.((.(((..(((((.......................))))).))).)).))).((((((.((((.......)))).).)))).)...))))))......)))))))))..................................................................
RPS23A,chrVII:727038-727357,319,13742.16301,,,,,,,,,,,0.348,10,0.349,0.746,0.81,.....................................((.(((...(((((.........((.((((((((.(......(((..(((.......................))).)))......).....((.(.((((.....((((.((((((.....................))).))))))).....)))).).)).((((........)).))..........))))))))))...............)))))))).))(((((......))))).......................................
RPS27B,chrVIII:148116-148666,550,13579.90909,,,,,,148626,148632,148642,148648,-8.5,0.358,11,0.519,0.717,0.888,.................................((((.(((..(((((.........((((.................((((......))))........................................................................................................(((....)))........................................................(((((...))))).(((((((.(((...((((........)))).))).)))))))..(((...)))...................((((((......(((((........)))))...))))))(((..........)))...........((((......)))).(........)...)))).....)))))..))).))))............................................(((((((.........))))))).................
RPL14A,chrXI:432034-432432,398,13256.53266,432069,432074,432350,432355,-11.4,432394,432402,432407,432415,-4,0.387,20,1,0.392,0.68,.............((....))..............((((((........((((((......(((((((..........((((((((((((....(.(((((((.....((((((................((((.((((......)))))))).((((((((........))))))))...((....)).((((((......)).))))...........(((...))).......))))))....))))))))...)))))))).))))............)))))))......))))))...............))))))......................................(((((((((....))))))))).((((((...))))))
RPS27A,chrXI:158615-158966,351,12608.54701,,,,,,,,,,,0.362,10,0.381,0.517,0.874,.....................(((((((..........)))................................................((((.(......).))))..............................................((((((...................(((((((....((((...((((((......))))))...))))...)))))))....((.(((.....))))).))))))...((....))............))))..................................................................
RPP1B,chrIV:230019-230320,301,12375.74751,,,,,,230275,230284,230291,230301,-10.3,0.455,10,1,0.579,0.863,((((........))))..........(((.....................................)))(((..(((((((..........((((((((((...........((((((..(.((((((..................)))))))..)))))).........)))))))))).)))))))..)))...............................................................((((((((((......)))).))))))..................
RPS18B,chrXIII:223380-223781,401,11672.3192,,,,,,223750,223755,223760,223765,-4.7,0.339,6,0.417,0.793,0.751,...................................................(((......((........))......................((((.((((..............(((.......................................................)))..............)))).)))).......................................((((........)))).................................................((.....)).((.....)).......(((.......)))..........................((((((....)))))).)))...........
RPS17A,chrXIII:225891-226289,398,11452.76382,225911,225916,226189,226194,-10.9,226237,226252,226261,226275,-10.7,0.264,18,0.383,0.487,0.75,....................((((((.......(((.((......)).)))...............((((((.......................))))))..................(......).(((((........))))).........((.((....)).)).(((((((..(((..(((((((.(......))))))))....))))))))))..................(((...........................................)))..........)))))).(((........)))...........................(((..(((..((((((........)))))).)))..))).............
RPL23B,chrV:396810-397281,471,11266.56051,,,,,,,,,,,0.329,27,0.538,0.663,0.642,......................((......))............(((((........((((((..........(((((((.....(((((((((..(((((((.((((................((((((.((((((...........)))))).......(((((.((.((((.............)))).))))))).)))))).(((((..............)))))................(((........)))..................................................((............)).....)))))))))))........)))))).))).....)))))))....))))))........))))).................................(((.((.(((....))).)))))...................
RPL2B,chrIX:316771-317171,400,10994.25,316796,316804,317091,317099,-11.8,,,,,,0.237,9,0.583,0.422,0.663,.........................(((((((((.((...((((((................................................)))))).))..........((......))...((((.................))))...........(........).(((((((..............)))))))...................................(((...................))).............................((.....))(((........))).......))))))))).(((((....(((((((.((((((...................)))))).)))))).).....)))))...
RPL29,chrVI:223440-223771,331,10925.98187,,,,,,,,,,,0.323,7,0.502,0.706,0.565,........................(((..........)))........(..(((........))).).(((((.(((.....(((((((.................((.(((((........((.......)).((......)).......(((((.((......)).)))))................))))).)).......((........)).............(((((....)))))..........)))))))............................((((.....((((.....)))).....)))).)))..)).)))
RPS11A,chrIV:491559-491898,339,10759.73451,491585,491607,491830,491852,-23.7,,,,,,0.448,21,0.598,0.43,0.717,..(((.....................(((((..((((((((((((((((......................(......)...........................................................................................................................((((...))))..........................................................))))))))))))))))..)))))................(((........))).))).((......))
RPL27A,chrVIII:126551-127112,561,10586.8984,,,,,,,,,,,0.283,11,0.666,0.43,0.583,.......................((((((((.......(.((.......(((..........)))........)).)))))))))...............((((((.....((((.((((((...(((...(((((((((....(((((............((((........))))..........................................((((((((((..(........)....)))))))))).........(((......))).........................................((.......))(((((.......)))))........(((.(((((.((((.........)))).)))))))).(((.......))).........................((((..............)))))))))....))))))))))))......))))))))))......))))))............((.(((........................))).))..............
RPS9A,chrXVI:404956-405457,501,10329.94012,,,,,,,,,,,0.307,35,0.677,0.636,0.873,............((..(((((....)))))..))................((((((((.....)))))))).((((((((((((((((((((((((.....((((..(((((((...................(((((....))))).(((((....)))))......(.(((((((....((((((((.(((((..........))))))))))).))))))))).).(((((((.((..(..(((((.........)))))..)..))..))))))).............((((((((((((((((....)))))))))))).)))).((((...))))((.(((((..((......)).))))).)).((((((.......))))))........)))))))..))))....)))))))))).)).))))).)))))))...........................................................
ACT1,chrVI:54377-54686,309,10013.1068,54413,54430,54591,54608,-16.6,,,,,,0.502,34,0.504,0.159,1,(((.(........).)))..................(((((((((..(((.(((.........(((((((((((..((((...(((((((.(((..(((((..((((.......(((...................................))).......))))..)))))..))).)))))))..))))..))))).))))))........))).)))..)))))))))..........................................((..((.......))..))................
RPS14B,chrX:73796-74204,408,9865.441176,,,,,,,,,,,0.36,18,0.539,0.606,0.694,.....(((..((((.....))))..))).((((((((((((((..(((....(((((((...........(((((((((.......(((((.(((((((((.....(((((((((.....(((((((.((((..(........)..)))).))).))))......).))))))))....)))))))))))))).((((((........((((((..(((........))))))))).......))))))))))).))))...........)))))))........................)))..)))))))))))))).................(((................)))..............((((....)))).((((((..........))))))
SUN4,chrXIV:501156-501502,346,9855.346821,,,,,,,,,,,0.387,28,0.407,0.662,0.909,................................................(((((((((.(((.........(((((............)))))(......)..........(((((((((...((.((((((.....(((((((......((((...............(((((.....))))).))))...)))).))).....))))))))...)))))))))........................................................))))))))))))......................................................
RPS23B,chrXVI:795029-795394,365,9791.09589,,,,,,795348,795360,795364,795376,-6.9,0.564,13,0.567,0.587,0.619,..................................................................((((....((.((................((((..........(((........)))...........))))..(((((............))))).....................)).)).....))))..........................................................................................................................(((((((((((((...))))))))))))).................
RPS25A,chrVII:534473-534785,312,9600.480769,534507,534515,534712,534721,-8.1,,,,,,0.397,9,0.269,0.277,0.619,......................((.......)).(((((((((....((((((((........................................(((....))).........................((......)).........................................(.......).(........).......................)))))))).......)))).)))))..............(((.(((.....)))))).((((......))))................
RPL22A,chrXII:263205-263594,389,9569.151671,,,,,,,,,,,0.396,7,0.793,0.459,0.323,..........................(((((((.((((((...(((((.(((((..................................................(((((((...................(......((......)).....).(((......)))....................................................................))))))).................((........)).)))))))))))))))).)).).)))).................................................(((((((......))))))).(((............)))....
RPL21A,chrII:606280-606668,388,9384.278351,606306,606311,606575,606580,-13.8,606632,606637,606646,606651,-4.8,0.327,9,0.749,0.673,0.608,..........................((((((................................((((.....................)))).(((((((((.............................)))))))))...........(((((((((.......................................(((((((((.......)))))))))...................(.......).))))))))).......(((................)))...))))))...................................................((((((........))))))................
RPL43A,chrXVI:654167-654570,403,9228.163772,654204,654219,654488,654503,-20.9,,,,,,0.444,13,0.583,0.433,0.677,..............(((.(((......))).)))...((((..((((((.(((..........................(((((((..................((....................)).((((((...(((((((..((........((....(((((.......((((((.((((........)).)))))))).....)))))...)).(((......)))....))..))))))).....))))))................................)))))))........(......).......))).))))))..))))..................................................................
RPL37A,chrXII:522669-523028,359,9191.78273,522698,522722,522922,522942,-22.1,,,,,,0.471,8,0.281,0.62,0.856,.............................(((.(.((((((.(((((.(((..(.....................................(((((...............................................................................))))).....................................((......))((...((...))....))........)..)))))))))))))))))).................................................(((((((.....))))))).................
DBP2,chrXIV:414911-415913,1002,9104.640719,,,,,,,,,,,,,,,,
RPL20B,chrXV:900767-901193,426,9080.985915,,,,,,,,,,,0.315,7,0.399,0.366,0.688,((((((......)))))).(((.(((((((.............................((((...........................................................................................)))).............................(.(........).).(((.((((.................)))).))).....(......).(((((((....))))))).........((.....)).................................................................((......))...............))))))).)))........................................
RPL42A,chrXIV:331325-331837,512,8991.210938,,,,,,,,,,,0.336,7,0.348,0.63,0.818,....(((((.(((((........)))))...........................................................................................................(((((((.....)))))))..................(.((.......)).).((.....)).................................................................................((........))...)))))(((..((.(((((.(......))))))...(((((((..............................................)))))))................................((........))......................................((((......)))).((((...)))).........))..)))
GLC7,chrV:432671-433196,525,8878.857143,,,,,,,,,,,0.335,28,0.707,0.354,0.47,..........((((.(((((((((.((.(((.((((((((.((((((.......)))))).))))))))))).)))))))).)))....................((((((.(((((..((((...........................(......).((.......))...........((.....((.((((((((((((.........................................(......).(((((((.....(((.......................(((((....(((((((((.(.....(((((........))))).....))))))))))..)))))..))).....)))))))....................................)))))))))))).)).....)).((.......))..))))..))))))))))).(.((........))..)............)))).............................
RPS7A,chrXV:505937-506338,401,8869.077307,505966,505979,506264,506278,-13.6,,,,,,0.419,40,0.423,0.16,0.38,.............................(((((.((((((((.((...........)).......((((((((((.........(......)................((((((.(((((....((((.(....(((((((((...((((((((.(((..((((....((...(((((........((........))......)))))..))...((((.....)))).))))....))).)))))))))))))))))).))))...))))).))))))....))))))))))................................))))))))..)))))...........................................................
YPR170W-B,chrXVI:883387-883486,99,8775.757576,,,,,,,,,,,0.929,,1,0.662,0.486,......................................................................................((((.....))))
RPS26A,chrVII:148598-148966,368,8744.836957,,,,,,,,,,,0.421,9,0.356,0.532,0.549,...........((((....)))).......(.((((((..............(((......)))...................................((....)).(((.((((((.....)))))).)))............(((((.............))))).................((.......)).((...((((((((.(((.......))).))))))))....)).........................)))))).)..........................................................((((......))))........................
RPL19B,chrII:168424-168808,384,8738.671875,,,,,,,,,,,0.341,,0.238,0.39,0.464,((((...........))))........((((((..(......................................(((((....................................))))).((((...........................).)))...............((...........))....................((((((.(((.((...((.((......)).)).))..))).))))))...............................((......))........)..))))))........................................(((........)))..................
RPS14A,chrIII:177906-178213,307,8714.65798,177938,177957,178106,178126,-16.8,178177,178182,178187,178192,-4.3,0.414,11,0.453,0.26,0.705,.(((((......)))))...............(.((((...(((((((((((.((((.....(((((((((((.....................)))))))))))...))))...............................................(((............))).......................)))))))))))....)))).)..................................................((((((....))))))....................
RPS0B,chrXII:242321-242680,359,8640.668524,242350,242389,242579,242611,-24,,,,,,0.446,8,0.36,0.503,0.719,.............................((((((.....((((((((.(((((.....((((((((.(.................((((....))))..........(((..(((........(((...(((.......................)))..))).(((....(((......)))...............))).(((...))).............)))..))).........................))))))))).))))).)))).))))..))))))....................................................................
RPS19B,chrXIV:62372-62923,551,8589.745917,,,,,,,,,,,0.348,6,0.711,0.503,0.884,...............((((((...)))))).....((((..............(((((......................(((((...........................)))))....................((((((..(..........................................((((.......))))..............(((...............................)))...........................................)..)))))).((......))....((..........))....(......).(((........)))....((((((...((....))........((.........)).((........))...........))))))...)))))..............))))..............................................................((((.......))))..............
RPS17B,chrIV:1355236-1355550,314,8546.656051,,,,,,,,,,,0.366,,0.744,0.536,0.482,....(((((.((((((.........((((.......))).).(((((((.............(.((((...)))).).............((.(..(((...........)))...).))...................................................))))))).........................................((((.......))))...................))))))......)))))............................................
RPS30B,chrXV:678379-678790,411,8510.948905,678402,678428,678683,678713,-22.4,678757,678763,678770,678777,-4.6,0.331,16,0.619,0.559,0.777,.............((((((....(((.((((..((((.((((((((((((..........((((((.....((((........(((.........................................)))..................)))).....)))))).................................................................................(((((((((..............))))))))).((((((((.....).))))))).....))))))))))))...))))...))).).))).......))))))..............................(((((((......).))))))............
RPL33A,chrXVI:282140-282665,525,8133.428571,282180,282192,282577,282589,-14.4,,,,,,0.423,10,0.479,0.478,0.817,........................................((.((((((((.(......................................(((((((((....((((.....................................................................................................................(((((((.........................................).)))))).........................................................................................(((.(((((((....))))))))))..))))......))))))))).........(.........).).)))))))).))................................................((((......)))).............
RPL24B,chrVII:787786-788178,392,8128.69898,787811,787837,788047,788076,-26.5,788129,788139,788145,788156,-10.8,0.39,11,0.698,0.78,0.967,(((((...)))))((....))....((((((.((((((((((((((((((.(.((((((((..............................(......).((((((((.((.(((.........))).)).)))))))).........................))).)))))............((((....)))).......(((((.(((((.(((..((.(((...))).))..)))...)))))))))).......))))))))))))..)))))))...))))))....................................................(((((((((((.....)).))))))))).....................
RPS10A,chrXV:867149-867586,437,8045.76659,,,,,,867535,867543,867551,867560,-12.8,0.407,9,0.645,0.657,0.786,.......................................(((...((((......(((.....((((((...........(((..(((((.................................................((((....)))).(....)......................................((...(((........)))...))...)))))..))).....(((...(((((((((........)))))))).)......)))......................))))))....)))......)))).....))).....................................................(((((((((.......)).))))))).........................
RIM1,chrIII:173115-173198,83,7897.590361,,,,,,,,,,,0.988,,0.475,0.763,0.785,...................................................................................
RPL40A,chrIX:68715-69149,434,7835.599078,,,,,,,,,,,0.392,12,0.627,0.5,0.362,.........................(((((((((((((((((.(((......(((((...............................(......).........................................................................(((((....))))).(.......).................................................((((((((.((((....)))).)))))))).........((........)).....((((((.................))))))..............)))))).)).)))).))).)).))))))))...........................................(((((......)))))....
RPL43B,chrX:608306-608581,275,7801.636364,,,,,,,,,,,0.284,,0.52,0.434,0.408,...((((..........((..((((.((((.(((((....)))))..)))).(((......((((((....................................))))))......)))..................(((.........)))...........((((...))))......((....))..............................................((((......))))...))))..))............)))).
RPL34B,chrIX:256554-257026,472,7705.614407,,,,,,,,,,,0.258,12,0.365,0.665,0.542,((((((...(((...........((((((......))))))...........................(((((......(((((...............(((........)))..........((((.((((((((((((..((((................((((..................)))).........(......)................((...........)).((((......))))(.((.....)).).)))).))))))))))))....((.(((.....)))...)).................((((..............................)))).)))).((((....))))............)))))...))))).......................((........))......(((((....))))).)))..))))))..
RPL33B,chrXV:778859-779386,527,7698.956357,,,,,,,,,,,0.334,6,0.357,0.804,0.578,...................................((((((.(((((......)))))..............................((.((......)).))((((....).))).....................................((........))...........................................................................((((((.........))))))........................((...........)).(((((.........((........)).........)))))...............(((.....................))).............(.(((.(..........)))).)..........................((.....))....................................(((((....)))))..))))))..............
RPL42B,chrVIII:382306-382747,441,7675.510204,,,,,,,,,,,0.424,,0.234,0.646,0.551,.....(((..................................((....)).(......)..............................................................(((....))).........................................................................................................((((.................)))).............................................(((((((((((............................................................................................))))))))))).(......)........))).
RPL14B,chrVIII:104405-104803,398,7634.924623,104439,104445,104701,104707,-15.2,104764,104774,104778,104788,-5.9,0.399,11,1,0.501,0.76,....(((........)))(((...))).......(((((((........((((((.....(((((..........))))).........))))))...........................................((........))...((((..(((.(((((.........................................................)))))...)))..)))).((..(.......)..))....................................)))))))........................................................(((((((((((...)))))))))))..............
RPS30A,chrXII:712725-713155,430,7587.55814,712766,712781,713074,713088,-25.5,,,,,,0.36,13,0.526,0.694,0.815,..........((......)).....................((.((..(((((((((......................................(((((.............)))))...................((.................)).((.................))..................................((((..((((((................))))))..)))).(((..........))).....................((((.....)))).....(((..........))).......................)))))))))..))))..................................................................
SIM1,chrIX:127661-128148,487,7548.35729,,,,,,,,,,,0.275,9,0.371,0.216,0.702,(((((...)))))(((((..............................(((...........))).(((((.......).)))).....(.(((((((((....(((..((((((......................((......)).......((......)).((((.(........)))))...((((((.(.......).)))))).......((((((((((.........(((...)))...((((.......)))).)))))))))).(....)...................((.....))...............(((((...))))).(((((((......))))))).............))))))....)))......)))))))))).)))))...................((.........((.(((........))).)).........))....................
RPL19A,chrII:414753-415259,506,7416.106719,,,,,,,,,,,0.375,20,0.198,0.467,0.612,((((...))))..................(((((((((((......(((((((((((((.......((((((......)).....))))...........................((((((.((((((((((((((......(((((.......((((((((.........((((.......)))).......(((..................................)))......((((((.((((..(((........))).)))))))).))........................................................................................))))))))..)))))........)))))))))))))).)))))).....................)))).))))))))).......).)))))))))).........................................
RPL13B,chrXIII:550801-551203,402,7366.044776,,,,,,,,,,,0.249,7,0.338,0.445,0.802,(((.(((.......(((.......)))..............(((((..........(((((((.......................)))))))......(((........)))......)))))............((((((......(........)......................................((........))............)))))).(((((.........((((((........................))))))..........))))).............................................................(((..(.....)..))).))).)))........................
RPS16B,chrIV:307333-307765,432,7285.416667,,,,,,,,,,,0.326,13,0.493,0.543,0.556,...................((((.......))).).(((((............................................(((((((.......))))))).....((.......))......................................................................((((((.......)))))).....((((((.(((((((.......((.(((.....))).))......(((((((.((.......)))))))))...........))))))).)))))).......(((............))).)))))...........................................................((((((.....)))))).(.........)..
RPL2A,chrVI:221267-221414,147,7263.265306,,,,,,,,,,,0.442,,0.602,0.424,0.572,........((((.((......))....................(((.....)))...............................................)))).(((..........))).........................
RPS29A,chrXII:898157-898645,488,7153.893443,898174,898196,898572,898594,-19.9,,,,,,0.373,15,0.368,0.582,0.744,.................(((((.((((((((..(((((((.(((.....))).........................................................(((((................................)))))............................................................((((...))))........................................((...(((((.........)))))...)).................................(..((((((((..((((((..................)))))))))).))))..)...........((..........))...........)))))))..)))))))).)))))..................................................
RPL36B,chrXVI:75985-76223,238,7152.10084,76013,76020,76152,76159,-10.5,,,,,,0.475,8,0.336,0.52,0.403,(((....)))..................((((((((...(((((((.....((((..((...................((((((....................................))))))......((......)).))..))))....))))))).....)))))))).............((((....))))......................................
RPS21B,chrX:156789-157249,460,7120.76087,156815,156842,157158,157184,-26.8,,,,,,0.367,10,0.447,0.476,0.79,..........................((((...(((.((((((((((..(((((...((................)).((....))..................((.......))...................((......)).....(((((...............................................))))).........(((......)))........(........).(((.........)))..................................(((((.((((.......................................)))).)))))...............)))))..)))))))))).)))..))))................................................................
RPL24A,chrVII:437941-438397,456,7094.078947,,,,,,438360,438367,438374,438381,-5.6,0.327,12,0.353,0.575,0.474,...((((.......)))).((((((((........((((.((.(((.((((((..((..............................((......))((........)).......................((......))..................................((....)).......(((((((....(((((.....)))))..))))))).............))..)))))).))).))))))..............................................................................(((.........................................)))..................................((((((((......)))))))).))))))))......
RPL34A,chrV:269751-270148,397,6953.274559,,,,,,270110,270116,270123,270129,-8,0.484,10,0.422,0.757,0.723,..........(((((....................(((....))).....................................(.....).((((((((...........(((......)))........................(((((.........(((...((..((((((((((.........))))))))))....))...))).........))))).......................))))))))..........................))))).........................................................................(((((((......)))))))..................
YRA1,chrIV:1236842-1237608,766,6892.362924,,,,,,,,,,,0.226,18,0.297,0.531,0.73,(((((((.......(...(((((((((......))))).))))...).(((((((....))))))).............(((((((....(((...(((...((((((((...(((((....))))).................(((((.(...................))))))............((((((.......................................))))))..........((((((...(.((((((..(((((..((((..((((...((((((((((.(((((((((.((......))....................((((........))))........))))))))).....................(((........)))......(((((((((((......))).))))))))..(((((.....))))).(((......)))............................((((((((((..........).))))))))).(((...))).................................))))))))))..)))).......))).)..)))))..)))))))))))))...........((((((........((........))............)))))).....))))))))...)))....)))))))))).((.((((.....)))).)).)))))))..........................
YBR090C,chrII:426516-426873,357,6823.529412,426547,426555,426818,426828,-12.9,,,,,,0.291,8,0.316,0.616,0.515,..........(((((((....)))))))...(((((.(((...........................................(((...)))....(((((((.(..(......)...).))))))).(......)................((((((((....)))))))).........................(((...(((...........))))))......(((.(((.......))).))).(((..((.((........))))..)))...........((........)).)))...))))).(((......)))...............................
RPL35A,chrIV:117666-118157,491,6779.327902,117694,117706,118070,118082,-15.2,118117,118128,118132,118143,-3.5,0.332,12,0.456,0.483,0.801,............................(((((((((.(((..................((........))........(((.....................................)))................................(((.............)))......................................................((((((((........)))))))).....(((...)))..............(((.(.....))))...............................................(((........................)))..................((.(.......).)).))).)))))))))..................................((((..((((((...))))))..)))).............
RPS4B,chrVIII:505247-505516,269,6649.070632,,,,,,,,,,,0.327,6,0.303,0.246,0.617,...............................(((((...((((((.....(((((.(((...(((.(((...))).((((...((((.(((.....))).))))..)))).(((((.........................)))))..((((((.....))))))..)))...)))))))).....))))))....................(((.....))).)))))..........................((....))......
RPL20A,chrXIII:753742-754219,477,6534.27673,,,,,,,,,,,0.432,,0.259,0.569,0.668,.................................(((((.(((...............(((..................................................................................................................................((((......................................................................................)))).............................................................(((...........))).))).............))).)))))...................................................((((((......))))))....................
RPL31B,chrXII:931349-931698,349,6510.17192,,,,,,,,,,,0.341,9,0.171,0.697,0.562,..(((((((....((.(((((((....((((((...........((......))........((.......))...............(((.......(((((....))))).....))).....................(((((.......(((((((((.((.(((.(..(((((.((....)))))))..))))...))..)))))))))..............)))))...............(.(((((.((((....))))..))))).).((....))........................))))))....))).))))))....)))))))........
RPL26A,chrXII:819330-819777,447,6499.66443,,,,,,,,,,,0.383,13,0.393,0.654,0.738,((((........))))..............((.........)).......................((((((....)))))).....................................((.(((((.(((..(((((....................................)))))...)))....)))))................(((........))).....................................................((....))..................................))((((...................))))...............................................(.((......)).)......................................
RPL40B,chrXI:618374-618742,368,6469.972826,,,,,,618676,618694,618701,618720,-15.3,0.405,14,0.662,0.594,0.696,.........(((.((........(((((((.(............).....................((((...............))))..............(((((((......(((((.((.(((............................))).))..))))).........))).))))...........(.(((....))))....(((.........)))...............))))))).........)).)))....................................((((((((..(((.(((((......))))).)))..)))))).)).....................
RPS18A,chrIV:1359969-1360404,435,6344.137931,,,,,,,,,,,0.331,16,1,0.249,0.762,....................(.((((.(((((((((((.....................................................(((((((((....))))).))))......................(.(((((..(........)..))..........(((.(((..((((((((((....................)))))))))).))).)))............))).).((((....)))).((...((((((((.......))))))))..))............((((................................)))).)))).))))))).)))))..............................................(((....)))...................
RPS24A,chrV:306325-306791,466,6327.682403,,,,,,,,,,,0.345,,0.376,0.335,0.441,((((........))))..........((((.(((((.....(((..............................((...........)).............................................((..((......))..))....(((...........))).........................((((((.(((((.((((((..........................................................................................))))))))))).))).))).((......)).......(.((.............))).)))........))))).))))...................................................(((.....)))..................
RPS16A,chrXIII:551951-552495,544,6251.470588,,,,,,,,,,,0.439,6,0.674,0.607,0.7,................................................(((.............................(((.(((.......).)).))).........((((((...))))))................................(((..((((.....))))..))).((.(((((((((((.(((...(((..................((((......)))).....((((....))))..................................(((.......)))....................................((.........))....))).)))))))))))))).))..)))...................................................................................................................................................................
RPS7B,chrXIV:443826-444171,345,6231.304348,443864,443883,444076,444095,-23.5,,,,,,0.383,16,0.601,0.598,0.53,.........................(((((((......((((((.(((((...(((((...................................................................................(.(((.(((........................)))))).).........((((.....))))..............................................)))))....))))))))))).....................(........).....................)))))))................
RPL6A,chrXIII:123742-124157,415,6228.433735,123766,123775,124075,124084,-17.4,,,,,,0.41,10,0.359,0.361,0.516,........................((((((((((...................(((........................))).........................................((((((...............................))))))..............................((.......))................................................((((......).)))..............................(.((......................)))...))))))))))........................................................................
RPL23A,chrII:60193-60697,504,6175.892857,,,,,,,,,,,0.351,,0.332,0.634,0.967,((((......................)))).....((((((........................................................................(((..((((...))))..)))...(....(((((....)))))....).((........)).....(((((......))))).(.(((((............................................))))))..................(..(((.............................)))..)............(((........................).))........((....)).................................................))))))...........................................((((.............))))..............
RPS19A,chrXV:92440-92830,390,6109.615385,,,,,,,,,,,0.423,,0.285,0.349,0.828,..............................................((((......................................................................(((((((((.(.((.........................)).................................((........))........................................)))))))))).((.....))........((.........))............(....).(((......))).......................(((.....))).(((((........))))).............))))..
RPS4A,chrX:702798-703054,256,6094.335938,,,,,,702991,703003,703011,703023,-7.6,0.457,11,0.369,0.612,0.505,.....................................((((((...........(((...........((........)).........((..(......)..)).......)))..............)))))).(........)...............................................((((((..(((((.......)))))..))))))..............................
RPS8A,chrII:89132-89440,308,5988.798701,,,,,,,,,,,0.458,,0.332,0.433,0.665,......(((.((..............(((((...............................((......))......................................................(((.((((.......))))..)))..................................(.....).(((((....)))))..........................................................)))))............)))))......................
RPS29B,chrIV:340810-341219,409,5986.06357,340840,340856,341117,341134,-20.3,,,,,,0.413,11,0.219,0.409,0.417,....(((....)))................(((((((((((.(((((..((((...(((((......)))))..................................................((........)).((((((........((((..(((.....)))..)))).....(........)................((........)).........................................))))))....................)))).....................)))))..)))))))))))....................................................................................
RPL31A,chrIV:322282-322703,421,5977.19715,322326,322333,322625,322632,-11.7,,,,,,0.482,8,0.421,0.531,0.444,.........................(((....))).........((((((((.......................................................................((((...))))...................((..........))...................((....(((...........)))....))...............................................................................................................((....)).........))))))))......................................................................
RPL17B,chrX:91094-91411,317,5948.422713,,,,,,,,,,,0.385,6,0.359,0.69,0.6,...(((((((((.((((((.......................................(((......................................)))........((......))........................................................(.(((((.((((.............((((((.(((((......).))))..)))))).........)))).))))).).............................................)))))).)))).))))).
RPS8B,chrV:362732-363092,360,5854.583333,,,,,,,,,,,0.344,5,0.388,0.697,0.673,((((......))))...(((...((((.((.((..((((................(((((......))))).((..............................))..((.((((.(((...(........).((((........))))......................))).)))).))..............((((...........................))))..........................................................))))..)).)).))))..)))..................................................
RPS26B,chrV:423590-423951,361,5836.703601,,,,,,,,,,,0.241,5,0.435,0.741,0.842,....((((((...((((((...........(((((((((.(........................)...(((((...(((...................((((...........)))).....(..((((.(((..(((((......................)))))...................)))))))..).(((((.......))))).........)))....)))))...................................................)))))))))...(((((................................))))).)))))).))))))......
RPL22B,chrVI:64599-64920,321,5771.495327,,,,,,,,,,,0.452,16,0.78,0.663,0.44,..............(((((((.........))).))))...........................................................((((.....)))).....((((...))))......((((((.((((((((.....((......))...........((((....(((((((......(((((.....)))))....)))))))....)))).(((.....))).................((((.(((.....))).)))).(....).((((....))))......)))))))).))))))..
RPL37B,chrIV:1450457-1450846,389,5753.213368,,,,,,,,,,,,,,,,
RPS6B,chrII:592416-592768,352,5607.102273,,,,,,,,,,,0.412,11,0.638,0.578,0.824,..............................((((((((((.((....))....(((......)))......................................................((((......))))...(((((((.((((..........................))))..)))))))........................................................................(((((................))))))))))))))).............((........))................................
RPS6A,chrXVI:377995-378389,394,5552.284264,378028,378036,378291,378299,-6.9,378353,378360,378374,378381,-5.4,0.419,13,0.352,0.602,0.526,((((........))))........((((.....((((((.((.....(((((.(.((((...(((((((((.........................................................(........).(.....)..(((((..(..........)..))))).....................((((........................))))............................................))))))))))))).)))))).....)).))))))................)))).................................((((((((.............)))))))).......
RPL16B,chrXIV:494524-494973,449,5550,494552,494575,494894,494916,-24.5,,,,,,0.403,9,0.732,0.149,1,............................((((((((((((((...(((((((................................................................((.....)).((((((.....))))))...((..........)).....................((....................)).........................................((........))....((((........))))...................................((........))....................(((......))).............))))).))))))))))).)))))........................................................
FMP45,chrIV:60478-61787,1309,5299.274255,,,,,,,,,,,,,,,,
RPS0A,chrVII:920664-921119,455,5293.186813,,,,,,,,,,,0.433,,0.308,0.408,0.742,........................................((........))....(........).(((((........(((...((...........))...))).((........))...(((((..................................))))).(......).(((.......))).................................................................................................................(.(((...........)))).)))))..............................................................................................................................
UBC4,chrII:407027-407122,95,5276.842105,407044,407050,407058,407063,-6.8,,,,,,0.789,5,0.41,0.488,0.609,.................(.(((((.......))))))..........................................................
RPL16A,chrIX:99095-99385,290,5160,,,,,,99342,99348,99357,99363,-7.9,0.414,7,0.568,0.571,0.556,.......................................((((((.............((.......)).....(((((((((.(((....................(..((.((......)).))..).......))).).)))))))).((......)).....................................))))))...........................................(((((((........))))))).....................
RPL27B,chrIV:1401800-1402184,384,5126.953125,,,,,,,,,,,0.521,7,0.37,0.69,1,((((...........(((((....)))))....................(((....)))..))))...........................................................................(((((.....)))))................(((.((.................))....(((((.............)))))......................(((((((.....))))))).((((.............)))).........)))......................................................................................
RUB1,chrIV:733702-733775,73,5056.849315,,,,,,,,,,,0.986,,0.364,0.588,0.782,.........................................................................
RPL21B,chrXVI:406646-407067,421,5002.019002,,,,,,,,,,,0.948,,0.69,0.761,0.698,.......................................................................................................................................................................................................................................................................................................................................................................................(((((((........)))))))........................
COF1,chrXII:40221-40400,179,4928.212291,,,,,,40313,40320,40351,40358,-11.6,0.346,10,0.692,0.583,1,.(((((.((((..(((.......((((.........(((((((.....)))))))...................(((.(((((((.......((((((((..............................)))))))).....)))))))))))))).....)))..))))..))))).
RPL36A,chrXIII:651160-651623,463,4925.053996,,,,,,,,,,,0.328,8,0.042,0.921,0.332,..(((((((((((.....(((.......((((...(((((.................((((....)))).......................................................................................((......))...((.......)).........((........)).............(((..........(......)..........)))..................................((.......))..................(((..((.......))..)))..........................................)))))...)))).....((((((((....)))))))).................................))))))).)))))))....
HMRA1,chrIII:293939-293993,54,4891.666667,,,,,,,,,,,,,,,,
YOS1,chrV:307956-308067,111,4860.810811,,,,,,,,,,,0.414,9,0.313,0.555,0.839,...........(((.(((((((((...........................))))))))).)))......(((.((((............)))).))).((((....))))
RPL6B,chrXII:1028868-1029252,384,4841.40625,,,,,,,,,,,0.401,6,0.45,0.548,0.867,................................(((((..........(((......))).................((.............)).((((........))))...........(..(......)..)......................................................................(((((.((........)).)))))................................................((((((...))))))............))))).............................................((((......))))................
UBC13,chrIV:629905-630173,268,4758.022388,,,,,,630042,630070,630122,630146,-21.7,0.586,18,0.326,0.665,0.748,...(((((......))))).....................................................................................................((((........)))).(.((((((((((.....((((....((((....((((((....((((((..((....))..)))))))))))).......))))...))))..)))))))))).)..........................
RPS24B,chrIX:231957-232366,409,4717.114914,,,,,,232321,232336,232340,232354,-8.9,0.369,14,0.671,0.71,0.827,.........................((((..............((......)).......(((((..............)))))....................(((.......))).........((((..(((.(((....((.(((..((((((......(.....)......))))))...)))....(((((.(((..((......)).........))))))))...))...))).)))..))))...............((......))......................((......)).))))...................................................(((((((.(((.((((...))))))).)))))))...........
RPS21A,chrXI:551680-552002,322,4570.341615,,,,,,,,,,,0.438,9,0.3,0.555,0.531,........(((((((((...)))))))))..................((..((((.((((............(((((((((((..(((................((((((.........(((((.....))))).((((((.(((...................))))))))).....((.......)).))))))....((...))....................)))..))))))).))))........))))))))..))..........................................................
RPS10B,chrXIII:732465-732875,410,4554.878049,,,,,,,,,,,0.327,,0.521,0.573,0.407,...................(((......((........)).((.....))...................................................................(((..(((.......)))..))).((.((.((.(....).)).))...))...........((.......))................................................(.(((.........................................................))).).(((..............)))..........................................................(((.....))).)))............
YOP1,chrXVI:623577-623710,133,4419.924812,,,,,,,,,,,0.737,,0.472,0.739,0.627,....(...(((((...........))))).....).((((.......))))..................................................................................
RPL18B,chrXIV:64018-64450,432,4328.472222,,,,,,,,,,,0.25,17,0.318,0.555,0.45,.................................((((((((.((((......................))))(((((((...((((.(((....))))))).)))))))........(((..((((..(((((((.(((.....))).)))))))....))))..))).......((((((((....))))))))...(((((((..(((((.((((..((.....))..))))..)))))..................))))))).(((((((......))))))).......((((..((((((....(((((........((((........))))........)).)))....))))))))))...............................(......).)))))))).((.((.......))))
BMH2,chrIV:652780-653523,743,4277.927322,,,,,,,,,,,0.311,15,0.41,0.647,0.737,.................................................................................................................................((....((((.(..........).))))....)).((((((..(((((...................((((.((((((...(((((........)))))....)))))).))))...........((....)).(((......)))...............((((((((............)))))))).(........)........................)))))..............................................((((.((((((......)))))).))))...(((((((.((..((..........((.((((((((...............))))))))))..........))...)).))))))).((((((..............))))))..................................((((((......)))))).((((..............))))...........................................((((.((((((.....((((((............))))))....))))))...)))).))))))..............
PRE3,chrX:435227-435343,116,4238.793103,435253,435261,435274,435282,-8.5,,,,,,0.483,9,0.31,0.537,0.497,..........................(((((((((............)))))))))...(((......)))...............(((((...........))))).........
QCR9,chrVII:859260-859473,213,4141.549296,859280,859299,859387,859411,-22.5,,,,,,0.333,20,0.464,0.715,0.493,.(((..((((.((((((((.((((((((((.(((((((((.......(((((.((((((.(((((..((((..........))))..))))....).)).)))).))))).(((.........))).))))..)))))...)))).))))))....................((..((.....))..))...).))))))).))))...))).
RPL13A,chrIV:308427-308792,365,4120.273973,,,,,,,,,,,0.748,,0.243,0.474,0.523,(((.(((...........................(((........)).)......((......)).............................))).))).............................................................................................(((........)))..................................................................................................................................(((......))).((((......))))
GOT1,chrXIII:854816-854898,82,4099.390244,,,,,,,,,,,0.573,6,0.226,0.299,0.708,...................((.((.....)).))..........((((((.........)))))).................
SAR1,chrXVI:138725-138864,139,4073.741007,,,,,,,,,,,0.791,8,0.446,0.583,0.553,...........................................((((((((.....)))))))).((.....)).................................................................
VMA10,chrVIII:187514-187676,162,4035.185185,,,,,,187602,187617,187626,187642,-12.7,0.574,12,0.25,0.616,0.801,(((........))).....((....))..................................................(((.((.....((..((((((((((((........))))))))))))...)).....)).)))......................
PTC7,chrVIII:251155-251248,93,3961.290323,,,,,,,,,,,,,,,,
ARF2,chrIV:216157-216489,332,3905.873494,,,,,,,,,,,0.247,13,0.521,0.679,0.798,.....................((((((((...((((..........(......)..............((....)).(((((((..((((((....))))))..)))).)))...((.((((.....................................))))))......(((......)))((((((.......)))))).((((((...((...(((((......((((((.......))))))......))))).))..))))))...))))....)))))))).............(((((....))).))................
YDL012C,chrIV:431386-431472,86,3828.488372,,,,,,,,,,,0.988,,0.52,0.554,0.664,......................................................................................
HNT1,chrIV:239398-239509,111,3801.351351,,,,,,,,,,,0.91,,0.37,0.811,0.617,............................................(((....))).........................................................
NCB2,chrIV:1266769-1266861,92,3800.543478,,,,,,,,,,,0.891,,0.65,0.726,0.405,.................................((......)).................................................
RPS25B,chrXII:795912-796335,423,3521.631206,,,,,,,,,,,0.366,20,0.479,0.65,0.45,..................(((....................)))..........................(((((.............................................................((((.(((((((((((.......(((((.((((.....)))).((((.((((((.((((......))))..)))))).))))...)))))..))).)))))))).)))).........................................(((....)))...................................................................((((..............................................)))).)))))
RPS11B,chrII:332875-333386,511,3408.317025,,,,,,,,,,,0.354,,0.637,0.583,0.548,................((((.....))))....................((((.((((((......((((((.................(((....)))....................................................(.(........).).)))))).((((........)))).........................................................................................................((((........))))........(((.......))).(....)................................((((...)))).......(((.......))).......................)))))).))))............................................................................
TUB3,chrXIII:23360-23658,298,3406.711409,23394,23419,23447,23475,-22.5,23545,23580,23586,23625,-22.2,0.352,13,0.214,0.373,0.452,((.((((.(((..........)))..........((((((((((.(((..(((((..(((...........................)))..)))).)..)))..)))).)))))).....................................................................((((..(((.((.(((.((((.((.(((((.(((((.....)))))..)))))..)).).))).))).)).)))...)))).((.(....)))............))))))..
SNC1,chrI:87387-87500,113,3278.761062,,,,,,,,,,,0.717,,0.711,0.703,0.498,.............((......)).((.....)).......................................................(((((.....)))))..........
OM14,chrII:679942-680039,97,3258.247423,,,,,,,,,,,0.639,,0.361,0.794,0.5,.............................................(((.(..........................)))).................
RPL35B,chrIV:217602-218007,405,3217.037037,,,,,,,,,,,0.301,10,0.362,0.511,0.656,((((((........)))))).....................(.((((.((.(((......))))).....((((((((((............((((.(((...........)))))))...............)))))))))).......................................................(((....))).......(((((......)))))...........(((.(((((....))))))))............................................................................)))).).........(((((........................))))).................
PFY1,chrXV:552665-552874,209,3065.311005,,,,,,552823,552829,552837,552843,-4.6,0.617,7,0.381,0.562,0.525,((.(((.(((((((........................................((....))........(((((...).)))).))))))).))).))...........................................................(((((((.......)))))))..............................
PMI40,chrV:158994-159087,93,3053.225806,,,,,,,,,,,0.624,,0.076,0.36,0.232,....((((((.................................................))))))............................
ARP2,chrIV:399361-399484,123,2857.317073,,,,,,,,,,,0.74,,0.406,0.553,0.82,...............................(((......))).((((((......)))...)))..........................................................
RPO26,chrXVI:911276-911352,76,2822.368421,,,,,,,,,,,0.776,10,0.565,0.639,0.589,(((((((..(((........)))..)))))))............................................
GIM4,chrV:148194-148282,88,2815.909091,,,,,,,,,,,0.818,,0.674,0.769,0.801,.....................(.(..........).)...................................................
SAC6,chrIV:715247-715358,111,2804.054054,,,,,,,,,,,0.694,,0.448,0.639,0.701,..........................(((((.......))))).....(......).(((.....)))...........................................
STO1,chrXIII:517563-517885,322,2801.086957,,,,,,,,,,,0.484,,0.395,0.544,1,..........((((((..(((..((.........(((((((((((((.....................((.....)).......(((...................................)))........((((((..................................................)))))).............)))))).))))))).....))..))).)))))).................................................................................
CMC4,chrXIII:652775-652847,72,2718.75,,,,,,,,,,,0.986,,,,,........................................................................
GPI15,chrXIV:557610-557684,74,2716.216216,,,,,,,,,,,0.784,,0.623,0.622,0.533,............((((........))))..............................................
VMA9,chrIII:107033-107287,254,2619.685039,,,,,,,,,,,0.488,10,,,,.((((...))))......................................................................((.(((((((((.........((((....((((((((((........))))).))))).........................................(((((....))))).))))................))))))))).)).((((.((...........)).))))
HMRA1,chrIII:294239-294291,52,2616.346154,,,,,,,,,,,0.981,,0.494,0.644,0.527,....................................................
TUB1,chrXIII:99259-99375,116,2587.5,,,,,,,,,,,0.897,,0.747,0.177,0.735,.............(((......)))...........................................................................................
MOB2,chrVI:63859-63973,114,2578.947368,,,,,,,,,,,0.763,5,0.82,0.843,0.503,..........................................................................(((((.....))))).((...((((.....))))....))
SFT1,chrXI:430455-430596,141,2523.404255,,,,,,430550,430555,430565,430570,-10,0.333,6,0.496,0.587,0.44,((((((......(((..........(((((.((......)).)))))..........)))...................................((((((.........))))))....)))))).(((.......))).
FES1,chrII:443705-443833,128,2470.3125,,,,,,,,,,,0.516,,0.612,0.509,0.35,..................((((..............................................)))).......................(((((......((((...))))......)))))
YCL002C,chrIII:111557-111633,76,2409.868421,,,,,,,,,,,0.816,,0.347,0.729,0.41,.................................................(((((....))))).............
MRM2,chrVII:253185-253248,63,2390.47619,,,,,,,,,,,0.651,,0.873,0.582,0.729,.......((..((((..........))))...)).............................
ERD2,chrII:142749-142846,97,2382.989691,,,,,,,,,,,0.443,,0.4,0.656,0.521,.............(((..........(((.......)))...........)))............((....(((......))).....)).......
NMD2,chrVIII:255637-255750,113,2356.19469,,,,,,,,,,,0.611,9,0.419,0.653,0.753,.................(((((.((((.....))))...)))))................................(((((........)))))...................
LSM7,chrXIV:350957-351053,96,2332.8125,,,,,,,,,,,0.99,,0.418,0.702,0.482,................................................................................................
YPR063C,chrXVI:678193-678279,86,2319.767442,,,,,,,,,,,0.988,,0.409,0.638,0.686,......................................................................................
SEC27,chrVII:249886-250086,200,2316,249920,249931,249956,249967,-13.1,,,,,,0.415,5,0.43,0.416,0.972,........(((((((...................((((((.((.((.......(((((....)))))...)).)).))))))............((.(......)))..................................................)))).)))...................................
TAF14,chrXVI:305306-305411,105,2271.428571,,,,,,,,,,,0.8,5,0.512,0.571,0.456,.................................................(((((...........)))))...................................
NBL1,chrVIII:498719-498786,67,2238.80597,,,,,,,,,,,0.985,,0.329,0.736,0.536,...................................................................
SEC14,chrXIII:424997-425153,156,2218.269231,,,,,,,,,,,0.712,,0.292,0.638,0.576,(((......))).................................(((........)))...(((((..(((......)))..)))))....................................................................
YIP3,chrXIV:545291-545370,79,2202.531646,,,,,,,,,,,0.987,,0.269,0.579,0.447,...............................................................................
PSP2,chrXIII:236591-236953,362,2154.281768,,,,,,236842,236870,236874,236903,-26.4,0.304,18,0.662,0.623,0.646,..........................((.........((.....)).((((((((((.......(((((...................................................))))).......)))))))))).............((((...............................))))........................((((.(((((((((...................((((((((((((((((((...(((...((...))....)))...)))))))))))))))))).....)))))))))..)))).))..........................
YOS1,chrV:307746-307848,102,2061.764706,,,,,,,,,,,0.882,,0.549,0.533,0.834,...........((........))...............................................................................
COX5B,chrIX:155222-155310,88,1958.522727,,,,,,,,,,,,,,,,
AIM11,chrV:348201-348276,75,1940,,,,,,,,,,,,,,,,
NSP1,chrX:365784-365902,118,1914.40678,,,,,,,,,,,,,,,,
CGI121,chrXIII:206097-206203,106,1872.169811,,,,,,,,,,,,,,,,
OST5,chrVII:72988-73137,149,1848.322148,,,,,,,,,,,,,,,,
HRB1,chrXIV:622944-623286,342,1844.736842,,,,,,,,,,,,,,,,
RPS22B,chrXII:855877-856434,557,1829.62298,,,,,,,,,,,,,,,,
SCS22,chrII:47058-47146,88,1827.272727,,,,,,,,,,,,,,,,
MAF1,chrIV:458017-458097,80,1826.25,,,,,,,,,,,,,,,,
VPS75,chrXIV:185491-185586,95,1818.947368,,,,,,,,,,,,,,,,
MRPL44,chrXIII:721198-721345,147,1800,,,,,,,,,,,,,,,,
ARP9,chrXIII:337817-337903,86,1766.860465,,,,,,,,,,,,,,,,
VMA9,chrIII:107033-107110,77,1737.662338,,,,,,,,,,,,,,,,
RFA2,chrXIV:48293-48401,108,1727.777778,,,,,,,,,,,,,,,,
NCE101,chrX:50268-50411,143,1700.34965,,,,,,,,,,,,,,,,
MUD1,chrII:479345-479434,89,1698.876404,,,,,,,,,,,,,,,,
QCR10,chrVIII:107831-107894,63,1697.619048,,,,,,,,,,,,,,,,
NYV1,chrXII:327258-327399,141,1678.723404,,,,,,,,,,,,,,,,
APE2,chrXI:155271-155654,383,1676.631854,,,,,,,,,,,,,,,,
VPS29,chrVIII:129528-129647,119,1641.176471,,,,,,,,,,,,,,,,
LSM2,chrII:170676-170804,128,1637.109375,,,,,,,,,,,,,,,,
CNB1,chrXI:82998-83074,76,1598.684211,,,,,,,,,,,,,,,,
MOB1,chrIX:166434-166519,85,1597.058824,,,,,,,,,,,,,,,,
TFC3,chrI:151006-151096,90,1590,,,,,,,,,,,,,,,,
YML6,chrXIII:225239-225338,99,1569.69697,,,,,,,,,,,,,,,,
SEC17,chrII:125154-125270,116,1568.534483,,,,,,,,,,,,,,,,
YCL012C,chrIII:101633-101700,67,1500,,,,,,,,,,,,,,,,
REC107,chrX:469183-469263,80,1460.625,,,,,,,,,,,,,,,,
CMC2,chrII:110420-110505,85,1431.176471,,,,,,,,,,,,,,,,
EPT1,chrVIII:354864-354955,91,1402.747253,,,,,,,,,,,,,,,,
BET4,chrX:387348-387435,87,1391.37931,,,,,,,,,,,,,,,,
MPT5,chrVII:167354-167994,640,1381.171875,,,,,,,,,,,,,,,,
YDR381C-A,chrIV:1238630-1238824,194,1374.742268,,,,,,,,,,,,,,,,
KEI1,chrIV:1212877-1212978,101,1354.455446,,,,,,,,,,,,,,,,
DID4,chrXI:437837-437905,68,1347.794118,,,,,,,,,,,,,,,,
OSW5,chrXIII:559782-560157,375,1335.2,,,,,,,,,,,,,,,,
URA2,chrX:172432-172752,320,1304.53125,,,,,,,,,,,,,,,,
HNT2,chrIV:1073312-1073401,89,1285.955056,,,,,,,,,,,,,,,,
PUS2,chrVII:383485-383565,80,1280.625,,,,,,,,,,,,,,,,
TMA20,chrV:166771-166874,103,1239.320388,,,,,,,,,,,,,,,,
YHR097C,chrVIII:298360-298484,124,1238.709677,,,,,,,,,,,,,,,,
COX4,chrVII:150183-150525,342,1230.263158,,,,,,,,,,,,,,,,
SRB2,chrVIII:189749-189850,101,1198.514851,,,,,,,,,,,,,,,,
PBA1,chrXII:548677-548763,86,1193.023256,,,,,,,,,,,,,,,,
BET1,chrIX:348363-348494,131,1189.694656,,,,,,,,,,,,,,,,
YGR001C,chrVII:497937-497999,62,1166.129032,,,,,,,,,,,,,,,,
ERV41,chrXIII:140090-140183,93,1156.451613,,,,,,,,,,,,,,,,
YLR426W,chrXII:987141-987212,71,1145.070423,,,,,,,,,,,,,,,,
UBC9,chrIV:337524-337634,110,1122.272727,,,,,,,,,,,,,,,,
DTD1,chrIV:65306-65377,71,1119.71831,,,,,,,,,,,,,,,,
CPT1,chrXIV:380689-380781,92,1084.23913,,,,,,,,,,,,,,,,
YBL059W,chrII:110879-110948,69,1078.26087,,,,,,,,,,,,,,,,
CIN2,chrXVI:96153-96233,80,1061.25,,,,,,,,,,,,,,,,
SMD2,chrXII:694382-694472,90,1056.666667,,,,,,,,,,,,,,,,
LSB3,chrVI:203292-203386,94,1054.787234,,,,,,,,,,,,,,,,
HPC2,chrII:653368-653452,84,1050,,,,,,,,,,,,,,,,
BCK2,chrV:517851-517929,78,1023.076923,,,,,,,,,,,,,,,,
TAN1,chrVII:62131-62189,58,1003.448276,,,,,,,,,,,,,,,,
SPT14,chrXVI:218646-218746,100,1002,,,,,,,,,,,,,,,,
YSC84,chrVIII:138240-138408,168,998.214286,,,,,,,,,,,,,,,,
PHO85,chrXVI:492918-493020,102,985.294118,,,,,,,,,,,,,,,,
POP8,chrII:186352-186427,75,970,,,,,,,,,,,,,,,,
PCC1,chrXI:625901-625976,75,930,,,,,,,,,,,,,,,,
YSF3,chrXIV:366035-366157,122,928.278689,,,,,,,,,,,,,,,,
RRT8,chrXV:240947-241025,78,892.307692,,,,,,,,,,,,,,,,
IST1,chrXIV:145149-145254,105,857.142857,,,,,,,,,,,,,,,,
GIM5,chrXIII:82290-82373,83,856.626506,,,,,,,,,,,,,,,,
RBS1,chrIV:122077-122176,99,842.424242,,,,,,,,,,,,,,,,
ERV1,chrVII:543638-543721,83,827.710843,,,,,,,,,,,,,,,,
YPR153W,chrXVI:833693-833827,134,825,,,,,,,,,,,,,,,,
YNL050C,chrXIV:534874-534965,91,817.582418,,,,,,,,,,,,,,,,
APS3,chrX:396493-396570,77,814.285714,,,,,,,,,,,,,,,,
MCM21,chrIV:1103809-1103892,83,813.253012,,,,,,,,,,,,,,,,
YGR001C,chrVII:497365-497458,93,812.903226,,,,,,,,,,,,,,,,
YBR255C-A,chrII:726917-727011,94,748.404255,,,,,,,,,,,,,,,,
BOS1,chrXII:286467-286556,89,739.88764,,,,,,,,,,,,,,,,
YIL156W-B,chrIX:47698-47760,62,735.483871,,,,,,,,,,,,,,,,
PRP5,chrII:691966-692133,167,728.443114,,,,,,,,,,,,,,,,
ECM9,chrXI:447706-447810,104,716.826923,,,,,,,,,,,,,,,,
YPR010C-A,chrXVI:582558-582701,143,705.944056,,,,,,,,,,,,,,,,
YBR062C,chrII:366502-366584,82,702.439024,,,,,,,,,,,,,,,,
DYN2,chrIV:1319617-1319816,199,694.221106,,,,,,,,,,,,,,,,
UBC5,chrIV:569633-569723,90,670,,,,,,,,,,,,,,,,
SUS1,chrII:462209-462499,290,665.689655,,,,,,,,,,,,,,,,
RAD14,chrXIII:666933-667017,84,655.357143,,,,,,,,,,,,,,,,
YFR045W,chrVI:242009-242081,72,652.083333,,,,,,,,,,,,,,,,
HOP2,chrVII:436312-436374,62,648.387097,,,,,,,,,,,,,,,,
YLR211C,chrXII:564454-564513,59,635.59322,,,,,,,,,,,,,,,,
YPR098C,chrXVI:729385-729481,96,631.25,,,,,,,,,,,,,,,,
MMS2,chrVII:346808-346893,85,621.176471,,,,,,,,,,,,,,,,
IWR1,chrIV:254955-255044,89,610.11236,,,,,,,,,,,,,,,,
REC102,chrXII:786615-786712,97,603.092784,,,,,,,,,,,,,,,,
SPO1,chrXIV:609790-609874,84,578.571429,,,,,,,,,,,,,,,,
YPL109C,chrXVI:345444-345596,152,562.5,,,,,,,,,,,,,,,,
TAD3,chrXII:766073-766249,176,559.090909,,,,,,,,,,,,,,,,
KIN28,chrIV:267725-267806,81,540.740741,,,,,,,,,,,,,,,,
YKR005C,chrXI:449951-450020,69,532.608696,,,,,,,,,,,,,,,,
RPL7B,chrXVI:173162-174072,910,476.868132,,,,,,,,,,,,,,,,
DYN2,chrIV:1319720-1319816,96,440.625,,,,,,,,,,,,,,,,
SRC1,chrXIII:211440-211570,130,425.769231,,,,,,,,,,,,,,,,
MRK1,chrIV:314044-314336,292,424.828767,,,,,,,,,,,,,,,,
UBC8,chrV:131776-131899,123,419.512195,,,,,,,,,,,,,,,,
YOL047C,chrXV:242441-242504,63,411.904762,,,,,,,,,,,,,,,,
AMA1,chrVII:946327-946420,93,327.419355,,,,,,,,,,,,,,,,
UBC12,chrXII:744153-744287,134,313.432836,,,,,,,,,,,,,,,,
DCN1,chrXII:398532-398626,94,303.191489,,,,,,,,,,,,,,,,
DMC1,chrV:548552-548644,92,272.282609,,,,,,,,,,,,,,,,
BIG1,chrVIII:315771-315858,87,256.896552,,,,,,,,,,,,,,,,
REC114,chrXIII:537448-537564,116,230.172414,,,,,,,,,,,,,,,,
PCH2,chrII:602103-602216,113,196.460177,,,,,,,,,,,,,,,,
YLR445W,chrXII:1024572-1024654,82,193.902439,,,,,,,,,,,,,,,,
TAD3,chrXII:766181-766249,68,169.852941,,,,,,,,,,,,,,,,
MEI4,chrV:239623-239711,88,163.636364,,,,,,,,,,,,,,,,
SUS1,chrII:462209-462289,80,138.75,,,,,,,,,,,,,,,,
RPL7B,chrXVI:173162-173571,409,112.224939,,,,,,,,,,,,,,,,
GCR1,chrXVI:412256-412995,739,107.171854,,,,,,,,,,,,,,,,
TAD3,chrXII:766073-766129,56,104.464286,,,,,,,,,,,,,,,,
IWR1,chrIV:254974-255044,70,85.714286,,,,,,,,,,,,,,,,
HOP2,chrVII:435679-435749,70,75,,,,,,,,,,,,,,,,
MND1,chrVII:157199-157282,83,61.445783,,,,,,,,,,,,,,,,
VMA9,chrIII:107191-107287,96,46.875,,,,,,,,,,,,,,,,
DYN2,chrIV:1319617-1319697,80,37.5,,,,,,,,,,,,,,,,
SUS1,chrII:462429-462499,70,25.714286,,,,,,,,,,,,,,,,
SAE3,chrVIII:262354-262440,86,22.674419,,,,,,,,,,,,,,,,
RPL7B,chrXVI:173665-174072,407,6.633907,,,,,,,,,,,,,,,,
GCR1,chrXVI:412312-412995,683,4.831625,,,,,,,,,,,,,,,,
SRC1,chrXIII:211444-211570,126,-1,,,,,,,,,,,,,,,,
GCR1,chrXVI:412261-412995,734,-1,,,,,,,,,,,,,,,,
GCR1,chrXVI:412888-412995,107,-1,,,,,,,,,,,,,,,,
EFB1,chrI:142253-142619,366,-1,,,,,,,,,,,,,,,,
RPL7A,chrVII:364964-365432,468,-1,,,,,,,,,,,,,,,,
ASC1,chrXIII:499878-500151,273,-1,,,,,,,,,,,,,,,,
TEF4,chrXI:283095-283421,326,-1,,,,,,,,,,,,,,,,
RPS22B,chrXII:856574-857057,483,-1,,,,,,,,,,,,,,,,
IMD4,chrXIII:163308-163716,408,-1,,,,,,,,,,,,,,,,
NOG2,chrXIV:721770-722302,532,-1,,,,,,,,,,,,,,,,